#Release 10.1.03 - par K.39 (nt)
#Copyright (c) 1995-2008 Xilinx, Inc.  All rights reserved.

#Fri Mar 06 11:46:47 2015

#
## NOTE: This file is designed to be imported into a spreadsheet program
# such as Microsoft Excel for viewing, printing and sorting. The |
# character is used as the data field separator. This file is also designed
# to support parsing.
#
#INPUT FILE:       ccb_map.ncd
#OUTPUT FILE:      ccb_pad.csv
#PART TYPE:        xc2v250
#SPEED GRADE:      -4
#PACKAGE:          fg456
#
# Pinout by Pin Number:
# 
# -----,-----,-----,-----,-----,-----,-----,-----,-----,-----,-----,-----,-----,-----,-----,-----,
Pin Number,Signal Name,Pin Usage,Pin Name,Direction,IO Standard,IO Bank Number,Drive (mA),Slew Rate,Termination,IOB Delay,Voltage,Constraint,DCI Value,IO Register,Signal Integrity,
A1,,,GND,,,,,,,,,,,,,
A2,,,PROG_B,,,,,,,,,,,,,
A3,,,DXP,,,,,,,,,,,,,
A4,FPGA_INPUT4,IOB,IO_L01P_0,INPUT,LVTTL*,0,,,,NONE,,LOCATED,,NO,NONE,
A5,FPGA_DACK,IOB,IO_L03P_0/VRN_0,OUTPUT,LVTTL*,0,12,SLOW,NONE**,,,LOCATED,,NO,NONE,
A6,VME_AM3,IOB,IO_L05P_0,INPUT,LVTTL*,0,,,,NONE,,LOCATED,,NO,NONE,
A7,,,NC,,,,,,,,,,,,,
A8,,,NC,,,,,,,,,,,,,
A9,,,NC,,,,,,,,,,,,,
A10,VME_DEC,IOB,IO_L93P_0,INPUT,LVTTL*,0,,,,NONE,,LOCATED,,NO,NONE,
A11,VME_A12,IOB,IO_L96P_0/GCLK4S,INPUT,LVTTL*,0,,,,NONE,,LOCATED,,NO,NONE,
A12,,,VCCAUX,,,,,,,,3.3,,,,,
A13,VME_A6,IOB,IO_L93N_1,INPUT,LVTTL*,1,,,,NONE,,LOCATED,,NO,NONE,
A14,,,NC,,,,,,,,,,,,,
A15,,,NC,,,,,,,,,,,,,
A16,,,NC,,,,,,,,,,,,,
A17,VME_D<1>,IOB,IO_L05N_1,BIDIR,LVTTL*,1,12,SLOW,NONE**,NONE,,LOCATED,,YES,NONE,
A18,VME_D<5>,IOB,IO_L03N_1/VRP_1,BIDIR,LVTTL*,1,12,SLOW,NONE**,NONE,,LOCATED,,YES,NONE,
A19,VME_D<9>,IOB,IO_L01N_1,BIDIR,LVTTL*,1,12,SLOW,NONE**,NONE,,LOCATED,,YES,NONE,
A20,,,NC,,,,,,,,,,,,,
A21,,,VBATT,,,,,,,,,,,,,
A22,,,GND,,,,,,,,,,,,,
AA1,,,VCCAUX,,,,,,,,3.3,,,,,
AA2,,,GND,,,,,,,,,,,,,
AA3,,DIFFM,IO_L01P_5/CS_B,UNUSED,,5,,,,,,,,,,
AA4,,DIFFM,IO_L02P_5/D7,UNUSED,,5,,,,,,,,,,
AA5,FPGA_INPUT3,IOB,IO_L04P_5/VREF_5,INPUT,LVTTL*,5,,,,NONE,,LOCATED,,NO,NONE,
AA6,,,NC,,,,,,,,,,,,,
AA7,,,NC,,,,,,,,,,,,,
AA8,,,NC,,,,,,,,,,,,,
AA9,,,NC,,,,,,,,,,,,,
AA10,FPGA_OUT1,IOB,IO_L93P_5,OUTPUT,LVTTL*,5,12,SLOW,NONE**,,,LOCATED,,NO,NONE,
AA11,I_TMB_RESERVED_IN1,IOB,IO_L96N_5/GCLK7S,INPUT,LVTTL*,5,,,,NONE,,LOCATED,,NO,NONE,
AA12,I_TMB_RESERVED_IN2,IOB,IO_L96N_4/GCLK1S,INPUT,LVTTL*,4,,,,NONE,,LOCATED,,NO,NONE,
AA13,I_TMB_RESERVED_IN3,IOB,IO_L93N_4,INPUT,LVTTL*,4,,,,NONE,,LOCATED,,NO,NONE,
AA14,,,NC,,,,,,,,,,,,,
AA15,,,NC,,,,,,,,,,,,,
AA16,,,NC,,,,,,,,,,,,,
AA17,I_TMB_RESERVED_IN4,IOB,IO_L06N_4,INPUT,LVTTL*,4,,,,NONE,,LOCATED,,NO,NONE,
AA18,I_DMB_RESERVED_IN0,IOB,IO_L04N_4/VREF_4,INPUT,LVTTL*,4,,,,NONE,,LOCATED,,NO,NONE,
AA19,,DIFFM,IO_L01P_4/INIT_B,UNUSED,,4,,,,,,,,,,
AA20,I_DMB_RESERVED_IN1,IOB,IO_L01P_3,INPUT,LVTTL*,3,,,,NONE,,LOCATED,,NO,NONE,
AA21,,,GND,,,,,,,,,,,,,
AA22,,,VCCAUX,,,,,,,,3.3,,,,,
AB1,,,GND,,,,,,,,,,,,,
AB2,,,M0,,,,,,,,,,,,,
AB3,,,M2,,,,,,,,,,,,,
AB4,,DIFFS,IO_L02N_5/D6,UNUSED,,5,,,,,,,,,,
AB5,T_SUBADD<4>,IOB,IO_L04N_5,INPUT,LVTTL*,5,,,,NONE,,LOCATED,,NO,NONE,
AB6,,,NC,,,,,,,,,,,,,
AB7,,,NC,,,,,,,,,,,,,
AB8,,,NC,,,,,,,,,,,,,
AB9,,,NC,,,,,,,,,,,,,
AB10,FPGA_OUT2,IOB,IO_L93N_5,OUTPUT,LVTTL*,5,12,SLOW,NONE**,,,LOCATED,,NO,NONE,
AB11,,,VCCAUX,,,,,,,,3.3,,,,,
AB12,I_DMB_RESERVED_IN2,IOB,IO_L96P_4/GCLK0P,INPUT,LVTTL*,4,,,,NONE,,LOCATED,,NO,NONE,
AB13,I_DMB_L1A_RELEASE,IOB,IO_L93P_4,INPUT,LVTTL*,4,,,,NONE,,LOCATED,,NO,NONE,
AB14,,,NC,,,,,,,,,,,,,
AB15,,,NC,,,,,,,,,,,,,
AB16,,,NC,,,,,,,,,,,,,
AB17,I_TMB_L1A_RELEASE,IOB,IO_L06P_4,INPUT,LVTTL*,4,,,,NONE,,LOCATED,,NO,NONE,
AB18,I_TMB_L1A_REQUEST,IOB,IO_L04P_4,INPUT,LVTTL*,4,,,,NONE,,LOCATED,,NO,NONE,
AB19,,DIFFS,IO_L01N_4/DOUT,UNUSED,,4,,,,,,,,,,
AB20,,,DONE,,,,,,,,,,,,,
AB21,,,PWRDWN_B,,,,,,,,,,,,,
AB22,,,GND,,,,,,,,,,,,,
B1,,,VCCAUX,,,,,,,,3.3,,,,,
B2,,,GND,,,,,,,,,,,,,
B3,,,HSWAP_EN,,,,,,,,,,,,,
B4,SERID,IOB,IO_L01N_0,BIDIR,LVTTL*,0,12,SLOW,NONE**,NONE,,LOCATED,,NO,NONE,
B5,FPGA_RESET,IOB,IO_L03N_0/VRP_0,INPUT,LVTTL*,0,,,,NONE,,LOCATED,,NO,NONE,
B6,VME_AM4,IOB,IO_L05N_0,INPUT,LVTTL*,0,,,,NONE,,LOCATED,,NO,NONE,
B7,,,NC,,,,,,,,,,,,,
B8,,,NC,,,,,,,,,,,,,
B9,,,NC,,,,,,,,,,,,,
B10,VME_AS,IOB,IO_L93N_0,INPUT,LVTTL*,0,,,,NONE,,LOCATED,,NO,NONE,
B11,CLOCK_TTC,IOB,IO_L96N_0/GCLK5P,INPUT,LVTTL*,0,,,,NONE,,LOCATED,,NO,NONE,
B12,VME_A7,IOB,IO_L94P_1/VREF_1,INPUT,LVTTL*,1,,,,NONE,,LOCATED,,NO,NONE,
B13,VME_A5,IOB,IO_L93P_1,INPUT,LVTTL*,1,,,,NONE,,LOCATED,,NO,NONE,
B14,,,NC,,,,,,,,,,,,,
B15,,,NC,,,,,,,,,,,,,
B16,,,NC,,,,,,,,,,,,,
B17,VME_D<2>,IOB,IO_L05P_1,BIDIR,LVTTL*,1,12,SLOW,NONE**,NONE,,LOCATED,,YES,NONE,
B18,VME_D<6>,IOB,IO_L03P_1/VRN_1,BIDIR,LVTTL*,1,12,SLOW,NONE**,NONE,,LOCATED,,YES,NONE,
B19,VME_D<10>,IOB,IO_L01P_1,BIDIR,LVTTL*,1,12,SLOW,NONE**,NONE,,LOCATED,,YES,NONE,
B20,,,TMS,,,,,,,,,,,,,
B21,,,GND,,,,,,,,,,,,,
B22,,,VCCAUX,,,,,,,,3.3,,,,,
C1,T_BRCST<5>,IOB,IO_L02P_7/VRN_7,INPUT,LVTTL*,7,,,,NONE,,LOCATED,,NO,NONE,
C2,T_BRCST<4>,IOB,IO_L02N_7/VRP_7,INPUT,LVTTL*,7,,,,NONE,,LOCATED,,NO,NONE,
C3,,,GND,,,,,,,,,,,,,
C4,TTC_LED,IOB,IO_L02N_0,OUTPUT,LVTTL*,0,12,SLOW,NONE**,,,LOCATED,,NO,NONE,
C5,FPGA_LOCK,IOB,IO_L02P_0,OUTPUT,LVTTL*,0,12,SLOW,NONE**,,,LOCATED,,NO,NONE,
C6,VME_AM5,IOB,IO_L04P_0,INPUT,LVTTL*,0,,,,NONE,,LOCATED,,NO,NONE,
C7,,,NC,,,,,,,,,,,,,
C8,,,NC,,,,,,,,,,,,,
C9,,,NC,,,,,,,,,,,,,
C10,VME_DS0,IOB,IO_L92P_0,INPUT,LVTTL*,0,,,,NONE,,LOCATED,,NO,NONE,
C11,VME_A13,IOB,IO_L95P_0/GCLK6S,INPUT,LVTTL*,0,,,,NONE,,LOCATED,,NO,NONE,
C12,VME_A8,IOB,IO_L94N_1,INPUT,LVTTL*,1,,,,NONE,,LOCATED,,NO,NONE,
C13,VME_A4,IOB,IO_L92N_1,INPUT,LVTTL*,1,,,,NONE,,LOCATED,,NO,NONE,
C14,,,NC,,,,,,,,,,,,,
C15,,,NC,,,,,,,,,,,,,
C16,,,NC,,,,,,,,,,,,,
C17,VME_D<3>,IOB,IO_L04N_1,BIDIR,LVTTL*,1,12,SLOW,NONE**,NONE,,LOCATED,,YES,NONE,
C18,VME_D<7>,IOB,IO_L02N_1,BIDIR,LVTTL*,1,12,SLOW,NONE**,NONE,,LOCATED,,YES,NONE,
C19,,,TCK,,,,,,,,,,,,,
C20,,,GND,,,,,,,,,,,,,
C21,VME_D<11>,IOB,IO_L01N_2,BIDIR,LVTTL*,2,12,SLOW,NONE**,NONE,,LOCATED,,YES,NONE,
C22,VME_D<12>,IOB,IO_L01P_2,BIDIR,LVTTL*,2,12,SLOW,NONE**,NONE,,LOCATED,,YES,NONE,
D1,T_BRCST<7>,IOB,IO_L03P_7/VREF_7,INPUT,LVTTL*,7,,,,NONE,,LOCATED,,NO,NONE,
D2,T_BRCST<6>,IOB,IO_L03N_7,INPUT,LVTTL*,7,,,,NONE,,LOCATED,,NO,NONE,
D3,,,TDI,,,,,,,,,,,,,
D4,,,GND,,,,,,,,,,,,,
D5,,,DXN,,,,,,,,,,,,,
D6,VME_IACK,IOB,IO_L04N_0/VREF_0,INPUT,LVTTL*,0,,,,NONE,,LOCATED,,NO,NONE,
D7,,,NC,,,,,,,,,,,,,
D8,,,NC,,,,,,,,,,,,,
D9,,,NC,,,,,,,,,,,,,
D10,VME_DS1,IOB,IO_L92N_0,INPUT,LVTTL*,0,,,,NONE,,LOCATED,,NO,NONE,
D11,CLOCK_VME,IOB,IO_L95N_0/GCLK7P,INPUT,LVTTL*,0,,,,NONE,,LOCATED,,NO,NONE,
D12,VME_A9,IOB,IO_L95P_1/GCLK0S,INPUT,LVTTL*,1,,,,NONE,,LOCATED,,NO,NONE,
D13,VME_A3,IOB,IO_L92P_1,INPUT,LVTTL*,1,,,,NONE,,LOCATED,,NO,NONE,
D14,,,NC,,,,,,,,,,,,,
D15,,,NC,,,,,,,,,,,,,
D16,,,NC,,,,,,,,,,,,,
D17,VME_D<4>,IOB,IO_L04P_1/VREF_1,BIDIR,LVTTL*,1,12,SLOW,NONE**,NONE,,LOCATED,,YES,NONE,
D18,VME_D<8>,IOB,IO_L02P_1,BIDIR,LVTTL*,1,12,SLOW,NONE**,NONE,,LOCATED,,YES,NONE,
D19,,,GND,,,,,,,,,,,,,
D20,,,TDO,,,,,,,,,,,,,
D21,VME_D<15>,IOB,IO_L03N_2,BIDIR,LVTTL*,2,12,SLOW,NONE**,NONE,,LOCATED,,YES,NONE,
D22,RESET_TTCRX,IOB,IO_L03P_2/VREF_2,OUTPUT,LVTTL*,2,12,SLOW,NONE**,,,LOCATED,,NO,NONE,
E1,T_SINERRSTR,IOB,IO_L06P_7,INPUT,LVTTL*,7,,,,NONE,,LOCATED,,NO,NONE,
E2,T_DBERRSTR,IOB,IO_L06N_7,INPUT,LVTTL*,7,,,,NONE,,LOCATED,,NO,NONE,
E3,T_BRCSTSTR2,IOB,IO_L04P_7,INPUT,LVTTL*,7,,,,NONE,,LOCATED,,NO,NONE,
E4,T_BRCSTSTR1,IOB,IO_L04N_7,INPUT,LVTTL*,7,,,,NONE,,LOCATED,,NO,NONE,
E5,T_BRCST<3>,IOB,IO_L01P_7,INPUT,LVTTL*,7,,,,NONE,,LOCATED,,NO,NONE,
E6,T_BRCST<2>,IOB,IO_L01N_7,INPUT,LVTTL*,7,,,,NONE,,LOCATED,,NO,NONE,
E7,VME_AM2,IOB,IO_L06N_0,INPUT,LVTTL*,0,,,,IFD,,LOCATED,,YES,NONE,
E8,VME_AM1,IOB,IO_L06P_0,INPUT,LVTTL*,0,,,,NONE,,LOCATED,,NO,NONE,
E9,,,NC,,,,,,,,,,,,,
E10,VME_AM0,IOB,IO_L91N_0/VREF_0,INPUT,LVTTL*,0,,,,NONE,,LOCATED,,NO,NONE,
E11,VME_A15,IOB,IO_L94N_0/VREF_0,INPUT,LVTTL*,0,,,,NONE,,LOCATED,,NO,NONE,
E12,VME_A10,IOB,IO_L95N_1/GCLK1P,INPUT,LVTTL*,1,,,,NONE,,LOCATED,,NO,NONE,
E13,VME_A2,IOB,IO_L91N_1,INPUT,LVTTL*,1,,,,NONE,,LOCATED,,NO,NONE,
E14,VME_A1,IOB,IO_L91P_1/VREF_1,INPUT,LVTTL*,1,,,,NONE,,LOCATED,,NO,NONE,
E15,,,NC,,,,,,,,,,,,,
E16,VME_A0,IOB,IO_L06N_1,INPUT,LVTTL*,1,,,,NONE,,LOCATED,,NO,NONE,
E17,VME_D<0>,IOB,IO_L06P_1,BIDIR,LVTTL*,1,12,SLOW,NONE**,NONE,,LOCATED,,YES,NONE,
E18,VME_D<13>,IOB,IO_L02N_2/VRP_2,BIDIR,LVTTL*,2,12,SLOW,NONE**,NONE,,LOCATED,,YES,NONE,
E19,V_CMD0,IOB,IO_L04N_2,OUTPUT,LVTTL*,2,12,SLOW,NONE**,,,LOCATED,,NO,NONE,
E20,V_CMD1,IOB,IO_L04P_2,OUTPUT,LVTTL*,2,12,SLOW,NONE**,,,LOCATED,,NO,NONE,
E21,V_CMD2,IOB,IO_L06N_2,OUTPUT,LVTTL*,2,12,SLOW,NONE**,,,LOCATED,,NO,NONE,
E22,V_CMD3,IOB,IO_L06P_2,OUTPUT,LVTTL*,2,12,SLOW,NONE**,,,LOCATED,,NO,NONE,
F1,,,NC,,,,,,,,,,,,,
F2,,,NC,,,,,,,,,,,,,
F3,,,NC,,,,,,,,,,,,,
F4,,,NC,,,,,,,,,,,,,
F5,,,NC,,,,,,,,,,,,,
F6,,,VCCINT,,,,,,,,1.5,,,,,
F7,,,VCCO_0,,,0,,,,,3.30,,,,,
F8,,,VCCO_0,,,0,,,,,3.30,,,,,
F9,,,NC,,,,,,,,,,,,,
F10,VME_WR,IOB,IO_L91P_0,INPUT,LVTTL*,0,,,,NONE,,LOCATED,,NO,NONE,
F11,VME_A14,IOB,IO_L94P_0,INPUT,LVTTL*,0,,,,NONE,,LOCATED,,NO,NONE,
F12,CLOCK_Q,IOB,IO_L96N_1/GCLK3P,INPUT,LVTTL*,1,,,,NONE,,LOCATED,,NO,NONE,
F13,VME_A11,IOB,IO_L96P_1/GCLK2S,INPUT,LVTTL*,1,,,,NONE,,LOCATED,,NO,NONE,
F14,,,NC,,,,,,,,,,,,,
F15,,,VCCO_1,,,1,,,,,3.30,,,,,
F16,,,VCCO_1,,,1,,,,,3.30,,,,,
F17,,,VCCINT,,,,,,,,1.5,,,,,
F18,VME_D<14>,IOB,IO_L02P_2/VRN_2,BIDIR,LVTTL*,2,12,SLOW,NONE**,NONE,,LOCATED,,YES,NONE,
F19,,,NC,,,,,,,,,,,,,
F20,,,NC,,,,,,,,,,,,,
F21,,,NC,,,,,,,,,,,,,
F22,,,NC,,,,,,,,,,,,,
G1,T_DO<0>,IOB,IO_L43P_7,INPUT,LVTTL*,7,,,,NONE,,LOCATED,,NO,NONE,
G2,T_DOUTSTR,IOB,IO_L43N_7,INPUT,LVTTL*,7,,,,NONE,,LOCATED,,NO,NONE,
G3,,,NC,,,,,,,,,,,,,
G4,,,NC,,,,,,,,,,,,,
G5,,,NC,,,,,,,,,,,,,
G6,,,VCCO_7,,,7,,,,,3.30,,,,,
G7,,,VCCINT,,,,,,,,1.5,,,,,
G8,,,VCCINT,,,,,,,,1.5,,,,,
G9,,,VCCO_0,,,0,,,,,3.30,,,,,
G10,,,VCCO_0,,,0,,,,,3.30,,,,,
G11,,,VCCO_0,,,0,,,,,3.30,,,,,
G12,,,VCCO_1,,,1,,,,,3.30,,,,,
G13,,,VCCO_1,,,1,,,,,3.30,,,,,
G14,,,VCCO_1,,,1,,,,,3.30,,,,,
G15,,,VCCINT,,,,,,,,1.5,,,,,
G16,,,VCCINT,,,,,,,,1.5,,,,,
G17,,,VCCO_2,,,2,,,,,3.30,,,,,
G18,,,NC,,,,,,,,,,,,,
G19,,,NC,,,,,,,,,,,,,
G20,,,NC,,,,,,,,,,,,,
G21,V_CMD4,IOB,IO_L43N_2,OUTPUT,LVTTL*,2,12,SLOW,NONE**,,,LOCATED,,NO,NONE,
G22,V_CMD5,IOB,IO_L43P_2,OUTPUT,LVTTL*,2,12,SLOW,NONE**,,,LOCATED,,NO,NONE,
H1,T_DO<6>,IOB,IO_L48P_7,INPUT,LVTTL*,7,,,,NONE,,LOCATED,,NO,NONE,
H2,T_DO<5>,IOB,IO_L48N_7,INPUT,LVTTL*,7,,,,NONE,,LOCATED,,NO,NONE,
H3,T_DO<4>,IOB,IO_L46P_7,INPUT,LVTTL*,7,,,,NONE,,LOCATED,,NO,NONE,
H4,T_DO<3>,IOB,IO_L46N_7,INPUT,LVTTL*,7,,,,NONE,,LOCATED,,NO,NONE,
H5,T_DO<1>,IOB,IO_L45N_7,INPUT,LVTTL*,7,,,,NONE,,LOCATED,,NO,NONE,
H6,,,VCCO_7,,,7,,,,,3.30,,,,,
H7,,,VCCINT,,,,,,,,1.5,,,,,
H16,,,VCCINT,,,,,,,,1.5,,,,,
H17,,,VCCO_2,,,2,,,,,3.30,,,,,
H18,,,NC,,,,,,,,,,,,,
H19,V_CMDSTR,IOB,IO_L45N_2,OUTPUT,LVTTL*,2,12,SLOW,NONE**,,,LOCATED,,NO,NONE,
H20,V_DSTR,IOB,IO_L45P_2/VREF_2,OUTPUT,LVTTL*,2,12,SLOW,NONE**,,,LOCATED,,NO,NONE,
H21,V_DATA<0>,IOB,IO_L46N_2,OUTPUT,LVTTL*,2,12,SLOW,NONE**,,,LOCATED,,NO,NONE,
H22,V_DATA<1>,IOB,IO_L46P_2,OUTPUT,LVTTL*,2,12,SLOW,NONE**,,,LOCATED,,NO,NONE,
J1,,,NC,,,,,,,,,,,,,
J2,,,NC,,,,,,,,,,,,,
J3,,,NC,,,,,,,,,,,,,
J4,,,NC,,,,,,,,,,,,,
J5,,,NC,,,,,,,,,,,,,
J6,T_DO<2>,IOB,IO_L45P_7/VREF_7,INPUT,LVTTL*,7,,,,NONE,,LOCATED,,NO,NONE,
J7,,,VCCO_7,,,7,,,,,3.30,,,,,
J9,,,GND,,,,,,,,,,,,,
J10,,,GND,,,,,,,,,,,,,
J11,,,GND,,,,,,,,,,,,,
J12,,,GND,,,,,,,,,,,,,
J13,,,GND,,,,,,,,,,,,,
J14,,,GND,,,,,,,,,,,,,
J16,,,VCCO_2,,,2,,,,,3.30,,,,,
J17,V_DATA<2>,IOB,IO_L48N_2,OUTPUT,LVTTL*,2,12,SLOW,NONE**,,,LOCATED,,NO,NONE,
J18,V_DATA<3>,IOB,IO_L48P_2,OUTPUT,LVTTL*,2,12,SLOW,NONE**,,,LOCATED,,NO,NONE,
J19,,,NC,,,,,,,,,,,,,
J20,,,NC,,,,,,,,,,,,,
J21,,,NC,,,,,,,,,,,,,
J22,,,NC,,,,,,,,,,,,,
K1,T_BCNTRES,IOB,IO_L93P_7/VREF_7,INPUT,LVTTL*,7,,,,NONE,,LOCATED,,NO,NONE,
K2,T_EVCNTRES,IOB,IO_L93N_7,INPUT,LVTTL*,7,,,,NONE,,LOCATED,,NO,NONE,
K3,T_READY,IOB,IO_L91P_7,INPUT,LVTTL*,7,,,,NONE,,LOCATED,,NO,NONE,
K4,T_DO<7>,IOB,IO_L91N_7,INPUT,LVTTL*,7,,,,NONE,,LOCATED,,NO,NONE,
K5,,,NC,,,,,,,,,,,,,
K6,,,NC,,,,,,,,,,,,,
K7,,,VCCO_7,,,7,,,,,3.30,,,,,
K9,,,GND,,,,,,,,,,,,,
K10,,,GND,,,,,,,,,,,,,
K11,,,GND,,,,,,,,,,,,,
K12,,,GND,,,,,,,,,,,,,
K13,,,GND,,,,,,,,,,,,,
K14,,,GND,,,,,,,,,,,,,
K16,,,VCCO_2,,,2,,,,,3.30,,,,,
K17,,,NC,,,,,,,,,,,,,
K18,,,NC,,,,,,,,,,,,,
K19,,,NC,,,,,,,,,,,,,
K20,,,NC,,,,,,,,,,,,,
K21,V_DATA<4>,IOB,IO_L91N_2,OUTPUT,LVTTL*,2,12,SLOW,NONE**,,,LOCATED,,NO,NONE,
K22,V_DATA<5>,IOB,IO_L91P_2,OUTPUT,LVTTL*,2,12,SLOW,NONE**,,,LOCATED,,NO,NONE,
L1,,,VCCAUX,,,,,,,,3.3,,,,,
L2,QP_EXCNT,IOB,IO_L96P_7,OUTPUT,LVTTL*,7,12,SLOW,NONE**,,,LOCATED,,YES,NONE,
L3,QP_MODE,IOB,IO_L96N_7,OUTPUT,LVTTL*,7,12,SLOW,NONE**,,,LOCATED,,NO,NONE,
L4,QP_ERR,IOB,IO_L94P_7,INPUT,LVTTL*,7,,,,NONE,,LOCATED,,NO,NONE,
L5,T_L1ACC,IOB,IO_L94N_7,INPUT,LVTTL*,7,,,,NONE,,LOCATED,,NO,NONE,
L6,,,NC,,,,,,,,,,,,,
L7,,,VCCO_7,,,7,,,,,3.30,,,,,
L9,,,GND,,,,,,,,,,,,,
L10,,,GND,,,,,,,,,,,,,
L11,,,GND,,,,,,,,,,,,,
L12,,,GND,,,,,,,,,,,,,
L13,,,GND,,,,,,,,,,,,,
L14,,,GND,,,,,,,,,,,,,
L16,,,VCCO_2,,,2,,,,,3.30,,,,,
L17,V_DATA<6>,IOB,IO_L93N_2,OUTPUT,LVTTL*,2,12,SLOW,NONE**,,,LOCATED,,NO,NONE,
L18,V_DATA<7>,IOB,IO_L93P_2/VREF_2,OUTPUT,LVTTL*,2,12,SLOW,NONE**,,,LOCATED,,NO,NONE,
L19,V_BCNTRES,IOB,IO_L94N_2,OUTPUT,LVTTL*,2,12,SLOW,NONE**,,,LOCATED,,NO,NONE,
L20,V_EVCNTRES,IOB,IO_L94P_2,OUTPUT,LVTTL*,2,12,SLOW,NONE**,,,LOCATED,,NO,NONE,
L21,V_L1A,IOB,IO_L96N_2,OUTPUT,LVTTL*,2,12,SLOW,NONE**,,,LOCATED,,NO,NONE,
L22,V_MPC_HR,IOB,IO_L96P_2,OUTPUT,LVTTL*,2,12,SLOW,NONE**,,,LOCATED,,NO,NONE,
M1,QP_RESTART,IOB,IO_L96N_6,OUTPUT,LVTTL*,6,12,SLOW,NONE**,,,LOCATED,,NO,NONE,
M2,QP_RESET,IOB,IO_L96P_6,OUTPUT,LVTTL*,6,12,SLOW,NONE**,,,LOCATED,,NO,NONE,
M3,QP_FSEL0,IOB,IO_L94N_6,OUTPUT,LVTTL*,6,12,SLOW,NONE**,,,LOCATED,,YES,NONE,
M4,QP_FSEL1,IOB,IO_L94P_6,OUTPUT,LVTTL*,6,12,SLOW,NONE**,,,LOCATED,,YES,NONE,
M5,QP_FSEL2,IOB,IO_L93N_6/VREF_6,OUTPUT,LVTTL*,6,12,SLOW,NONE**,,,LOCATED,,YES,NONE,
M6,QP_FSEL3,IOB,IO_L93P_6,OUTPUT,LVTTL*,6,12,SLOW,NONE**,,,LOCATED,,NO,NONE,
M7,,,VCCO_6,,,6,,,,,3.30,,,,,
M9,,,GND,,,,,,,,,,,,,
M10,,,GND,,,,,,,,,,,,,
M11,,,GND,,,,,,,,,,,,,
M12,,,GND,,,,,,,,,,,,,
M13,,,GND,,,,,,,,,,,,,
M14,,,GND,,,,,,,,,,,,,
M16,,,VCCO_3,,,3,,,,,3.30,,,,,
M17,V_ALCT_ET,IOB,IO_L93N_3/VREF_3,OUTPUT,LVTTL*,3,12,SLOW,NONE**,,,LOCATED,,NO,NONE,
M18,V_CLCT_ET,IOB,IO_L94P_3,OUTPUT,LVTTL*,3,12,SLOW,NONE**,,,LOCATED,,NO,NONE,
M19,V_ALCT_HR,IOB,IO_L94N_3,OUTPUT,LVTTL*,3,12,SLOW,NONE**,,,LOCATED,,NO,NONE,
M20,V_DMB_HR,IOB,IO_L96P_3,OUTPUT,LVTTL*,3,12,SLOW,NONE**,,,LOCATED,,NO,NONE,
M21,V_TMB_HR,IOB,IO_L96N_3,OUTPUT,LVTTL*,3,12,SLOW,NONE**,,,LOCATED,,NO,NONE,
M22,,,VCCAUX,,,,,,,,3.3,,,,,
N1,QP_LOCK,IOB,IO_L91N_6,INPUT,LVTTL*,6,,,,NONE,,LOCATED,,NO,NONE,
N2,T_EVCNTLSTR,IOB,IO_L91P_6,INPUT,LVTTL*,6,,,,NONE,,LOCATED,,NO,NONE,
N3,,,NC,,,,,,,,,,,,,
N4,,,NC,,,,,,,,,,,,,
N5,,,NC,,,,,,,,,,,,,
N6,,,NC,,,,,,,,,,,,,
N7,,,VCCO_6,,,6,,,,,3.30,,,,,
N9,,,GND,,,,,,,,,,,,,
N10,,,GND,,,,,,,,,,,,,
N11,,,GND,,,,,,,,,,,,,
N12,,,GND,,,,,,,,,,,,,
N13,,,GND,,,,,,,,,,,,,
N14,,,GND,,,,,,,,,,,,,
N16,,,VCCO_3,,,3,,,,,3.30,,,,,
N17,V_BX0,IOB,IO_L93P_3,OUTPUT,LVTTL*,3,12,SLOW,NONE**,,,LOCATED,,NO,NONE,
N18,,,NC,,,,,,,,,,,,,
N19,,,NC,,,,,,,,,,,,,
N20,,,NC,,,,,,,,,,,,,
N21,V_CFEB0,IOB,IO_L91P_3,OUTPUT,LVTTL*,3,12,SLOW,NONE**,,,LOCATED,,NO,NONE,
N22,V_L1RESET,IOB,IO_L91N_3,OUTPUT,LVTTL*,3,12,SLOW,NONE**,,,LOCATED,,NO,NONE,
P1,,,NC,,,,,,,,,,,,,
P2,,,NC,,,,,,,,,,,,,
P3,,,NC,,,,,,,,,,,,,
P4,,,NC,,,,,,,,,,,,,
P5,T_EVCNTHSTR,IOB,IO_L48N_6,INPUT,LVTTL*,6,,,,NONE,,LOCATED,,NO,NONE,
P6,T_BCNT<0>,IOB,IO_L48P_6,INPUT,LVTTL*,6,,,,NONE,,LOCATED,,NO,NONE,
P7,,,VCCO_6,,,6,,,,,3.30,,,,,
P9,,,GND,,,,,,,,,,,,,
P10,,,GND,,,,,,,,,,,,,
P11,,,GND,,,,,,,,,,,,,
P12,,,GND,,,,,,,,,,,,,
P13,,,GND,,,,,,,,,,,,,
P14,,,GND,,,,,,,,,,,,,
P16,,,VCCO_3,,,3,,,,,3.30,,,,,
P17,V_PULSE_S,IOB,IO_L45P_3,OUTPUT,LVTTL*,3,12,SLOW,NONE**,,,LOCATED,,NO,NONE,
P18,,,NC,,,,,,,,,,,,,
P19,,,NC,,,,,,,,,,,,,
P20,,,NC,,,,,,,,,,,,,
P21,,,NC,,,,,,,,,,,,,
P22,,,NC,,,,,,,,,,,,,
R1,T_BCNT<1>,IOB,IO_L46N_6,INPUT,LVTTL*,6,,,,NONE,,LOCATED,,NO,NONE,
R2,T_BCNT<2>,IOB,IO_L46P_6,INPUT,LVTTL*,6,,,,NONE,,LOCATED,,NO,NONE,
R3,T_BCNT<3>,IOB,IO_L45N_6/VREF_6,INPUT,LVTTL*,6,,,,NONE,,LOCATED,,NO,NONE,
R4,T_BCNT<4>,IOB,IO_L45P_6,INPUT,LVTTL*,6,,,,NONE,,LOCATED,,NO,NONE,
R5,,,NC,,,,,,,,,,,,,
R6,,,VCCO_6,,,6,,,,,3.30,,,,,
R7,,,VCCINT,,,,,,,,1.5,,,,,
R16,,,VCCINT,,,,,,,,1.5,,,,,
R17,,,VCCO_3,,,3,,,,,3.30,,,,,
R18,V_MPC_SR,IOB,IO_L45N_3/VREF_3,OUTPUT,LVTTL*,3,12,SLOW,NONE**,,,LOCATED,,NO,NONE,
R19,V_DMB_SR,IOB,IO_L46P_3,OUTPUT,LVTTL*,3,12,SLOW,NONE**,,,LOCATED,,NO,NONE,
R20,V_TMB_SR,IOB,IO_L46N_3,OUTPUT,LVTTL*,3,12,SLOW,NONE**,,,LOCATED,,NO,NONE,
R21,V_CFEB2,IOB,IO_L48P_3,OUTPUT,LVTTL*,3,12,SLOW,NONE**,,,LOCATED,,NO,NONE,
R22,V_CFEB1,IOB,IO_L48N_3,OUTPUT,LVTTL*,3,12,SLOW,NONE**,,,LOCATED,,NO,NONE,
T1,T_BCNT<5>,IOB,IO_L43N_6,INPUT,LVTTL*,6,,,,NONE,,LOCATED,,NO,NONE,
T2,T_BCNT<6>,IOB,IO_L43P_6,INPUT,LVTTL*,6,,,,NONE,,LOCATED,,NO,NONE,
T3,,,NC,,,,,,,,,,,,,
T4,,,NC,,,,,,,,,,,,,
T5,,,NC,,,,,,,,,,,,,
T6,,,VCCO_6,,,6,,,,,3.30,,,,,
T7,,,VCCINT,,,,,,,,1.5,,,,,
T8,,,VCCINT,,,,,,,,1.5,,,,,
T9,,,VCCO_5,,,5,,,,,3.30,,,,,
T10,,,VCCO_5,,,5,,,,,3.30,,,,,
T11,,,VCCO_5,,,5,,,,,3.30,,,,,
T12,,,VCCO_4,,,4,,,,,3.30,,,,,
T13,,,VCCO_4,,,4,,,,,3.30,,,,,
T14,,,VCCO_4,,,4,,,,,3.30,,,,,
T15,,,VCCINT,,,,,,,,1.5,,,,,
T16,,,VCCINT,,,,,,,,1.5,,,,,
T17,,,VCCO_3,,,3,,,,,3.30,,,,,
T18,,,NC,,,,,,,,,,,,,
T19,,,NC,,,,,,,,,,,,,
T20,,,NC,,,,,,,,,,,,,
T21,VV_PULSE_A,IOB,IO_L43P_3,OUTPUT,LVTTL*,3,12,SLOW,NONE**,,,LOCATED,,NO,NONE,
T22,V_PULSE_A,IOB,IO_L43N_3,OUTPUT,LVTTL*,3,12,SLOW,NONE**,,,LOCATED,,NO,NONE,
U1,,,NC,,,,,,,,,,,,,
U2,,,NC,,,,,,,,,,,,,
U3,T_BCNT<7>,IOB,IO_L06N_6,INPUT,LVTTL*,6,,,,NONE,,LOCATED,,NO,NONE,
U4,T_BCNT<8>,IOB,IO_L06P_6,INPUT,LVTTL*,6,,,,NONE,,LOCATED,,NO,NONE,
U5,T_SUBADD<3>,IOB,IO_L01N_6,INPUT,LVTTL*,6,,,,NONE,,LOCATED,,NO,NONE,
U6,,,VCCINT,,,,,,,,1.5,,,,,
U7,,,VCCO_5,,,5,,,,,3.30,,,,,
U8,,,VCCO_5,,,5,,,,,3.30,,,,,
U9,,,NC,,,,,,,,,,,,,
U10,FPGA_OUT3,IOB,IO_L94P_5/VREF_5,OUTPUT,LVTTL*,5,12,SLOW,NONE**,,,LOCATED,,NO,NONE,
U11,FPGA_OUT4,IOB,IO_L94N_5,OUTPUT,LVTTL*,5,12,SLOW,NONE**,,,LOCATED,,NO,NONE,
U12,FPGA_SIG5,IOB,IO_L94N_4/VREF_4,OUTPUT,LVTTL*,4,12,SLOW,NONE**,,,LOCATED,,NO,NONE,
U13,ASYNCP_TTC,IOB,IO_L91N_4/VREF_4,INPUT,LVTTL*,4,,,,NONE,,LOCATED,,NO,NONE,
U14,,,NC,,,,,,,,,,,,,
U15,,,VCCO_4,,,4,,,,,3.30,,,,,
U16,,,VCCO_4,,,4,,,,,3.30,,,,,
U17,,,VCCINT,,,,,,,,1.5,,,,,
U18,,,NC,,,,,,,,,,,,,
U19,,,NC,,,,,,,,,,,,,
U20,,,NC,,,,,,,,,,,,,
U21,,,NC,,,,,,,,,,,,,
U22,,,NC,,,,,,,,,,,,,
V1,,,NC,,,,,,,,,,,,,
V2,,,NC,,,,,,,,,,,,,
V3,T_BCNT<11>,IOB,IO_L03N_6/VREF_6,INPUT,LVTTL*,6,,,,NONE,,LOCATED,,NO,NONE,
V4,T_SUBADD<0>,IOB,IO_L03P_6,INPUT,LVTTL*,6,,,,NONE,,LOCATED,,NO,NONE,
V5,VME_RES,IOB,IO_L01P_6,INPUT,LVTTL*,6,,,,NONE,,LOCATED,,NO,NONE,
V6,T_SUBADD<5>,IOB,IO_L05P_5/VRN_5,INPUT,LVTTL*,5,,,,NONE,,LOCATED,,NO,NONE,
V7,T_SUBADD<6>,IOB,IO_L05N_5/VRP_5,INPUT,LVTTL*,5,,,,NONE,,LOCATED,,NO,NONE,
V8,,,NC,,,,,,,,,,,,,
V9,T_DQ<1>,IOB,IO_L91P_5/VREF_5,INPUT,LVTTL*,5,,,,NONE,,LOCATED,,NO,NONE,
V10,T_DQ<2>,IOB,IO_L91N_5,INPUT,LVTTL*,5,,,,NONE,,LOCATED,,NO,NONE,
V11,FPGA_OUT5,IOB,IO_L95P_5/GCLK4P,OUTPUT,LVTTL*,5,12,SLOW,NONE**,,,LOCATED,,NO,NONE,
V12,FPGA_SIG1,IOB,IO_L94P_4,OUTPUT,LVTTL*,4,12,SLOW,NONE**,,,LOCATED,,NO,NONE,
V13,FPGA_SIG2,IOB,IO_L91P_4,OUTPUT,LVTTL*,4,12,SLOW,NONE**,,,LOCATED,,NO,NONE,
V14,,,NC,,,,,,,,,,,,,
V15,,,NC,,,,,,,,,,,,,
V16,,,NC,,,,,,,,,,,,,
V17,,DIFFM,IO_L02P_4/D1,UNUSED,,4,,,,,,,,,,
V18,,DIFFS,IO_L02N_4/D0,UNUSED,,4,,,,,,,,,,
V19,FPGA_SIG3,IOB,IO_L04P_3,OUTPUT,LVTTL*,3,12,SLOW,NONE**,,,LOCATED,,NO,NONE,
V20,FPGA_SIG4,IOB,IO_L04N_3,OUTPUT,LVTTL*,3,12,SLOW,NONE**,,,LOCATED,,NO,NONE,
V21,FPGA_SIG6,IOB,IO_L06P_3,OUTPUT,LVTTL*,3,12,SLOW,NONE**,,,LOCATED,,NO,NONE,
V22,FPGA_SIG7,IOB,IO_L06N_3,OUTPUT,LVTTL*,3,12,SLOW,NONE**,,,LOCATED,,NO,NONE,
W1,T_BCNT<9>,IOB,IO_L04N_6,INPUT,LVTTL*,6,,,,NONE,,LOCATED,,NO,NONE,
W2,T_BCNT<10>,IOB,IO_L04P_6,INPUT,LVTTL*,6,,,,NONE,,LOCATED,,NO,NONE,
W3,,,M1,,,,,,,,,,,,,
W4,,,GND,,,,,,,,,,,,,
W5,WL22,IOB,IO_L03P_5/D5/ALT_VRN_5,OUTPUT,LVTTL*,5,12,SLOW,NONE**,,,,,NO,NONE,
W6,T_SUBADD<7>,IOB,IO_L06P_5,INPUT,LVTTL*,5,,,,NONE,,LOCATED,,NO,NONE,
W7,,,NC,,,,,,,,,,,,,
W8,,,NC,,,,,,,,,,,,,
W9,,,NC,,,,,,,,,,,,,
W10,T_DQ<3>,IOB,IO_L92P_5,INPUT,LVTTL*,5,,,,NONE,,LOCATED,,NO,NONE,
W11,TP19,IOB,IO_L95N_5/GCLK5S,OUTPUT,LVTTL*,5,12,SLOW,NONE**,,,LOCATED,,YES,NONE,
W12,FPGA_SIG8,IOB,IO_L95N_4/GCLK3S,OUTPUT,LVTTL*,4,12,SLOW,NONE**,,,LOCATED,,NO,NONE,
W13,FPGA_SIG9,IOB,IO_L92N_4,OUTPUT,LVTTL*,4,12,SLOW,NONE**,,,LOCATED,,NO,NONE,
W14,,,NC,,,,,,,,,,,,,
W15,,,NC,,,,,,,,,,,,,
W16,,,NC,,,,,,,,,,,,,
W17,FPGA_SIG10,IOB,IO_L05N_4/VRP_4,OUTPUT,LVTTL*,4,12,SLOW,NONE**,,,LOCATED,,NO,NONE,
W18,,DIFFS,IO_L03N_4/D2/ALT_VRP_4,UNUSED,,4,,,,,,,,,,
W19,,,GND,,,,,,,,,,,,,
W20,FPGA_SIG11,IOB,IO_L01N_3,OUTPUT,LVTTL*,3,12,SLOW,NONE**,,,LOCATED,,NO,NONE,
W21,FPGA_SIG12,IOB,IO_L03P_3,OUTPUT,LVTTL*,3,12,SLOW,NONE**,,,LOCATED,,NO,NONE,
W22,FPGA_SIG13,IOB,IO_L03N_3/VREF_3,OUTPUT,LVTTL*,3,12,SLOW,NONE**,,,LOCATED,,NO,NONE,
Y1,T_SUBADD<1>,IOB,IO_L02N_6/VRP_6,INPUT,LVTTL*,6,,,,NONE,,LOCATED,,NO,NONE,
Y2,T_SUBADD<2>,IOB,IO_L02P_6/VRN_6,INPUT,LVTTL*,6,,,,NONE,,LOCATED,,NO,NONE,
Y3,,,GND,,,,,,,,,,,,,
Y4,,DIFFS,IO_L01N_5/RDWR_B,UNUSED,,5,,,,,,,,,,
Y5,C_HR,IOB,IO_L03N_5/D4/ALT_VRP_5,OUTPUT,LVTTL*,5,12,SLOW,NONE**,,,,,NO,NONE,
Y6,T_DQ<0>,IOB,IO_L06N_5,INPUT,LVTTL*,5,,,,NONE,,LOCATED,,NO,NONE,
Y7,,,NC,,,,,,,,,,,,,
Y8,,,NC,,,,,,,,,,,,,
Y9,,,NC,,,,,,,,,,,,,
Y10,T_BCNTSTR,IOB,IO_L92N_5,INPUT,LVTTL*,5,,,,NONE,,LOCATED,,NO,NONE,
Y11,CLOCK_80,IOB,IO_L96P_5/GCLK6P,INPUT,LVTTL*,5,,,,NONE,,LOCATED,,NO,NONE,
Y12,FPGA_SIG14,IOB,IO_L95P_4/GCLK2P,OUTPUT,LVTTL*,4,12,SLOW,NONE**,,,LOCATED,,NO,NONE,
Y13,FPGA_SIG15,IOB,IO_L92P_4,OUTPUT,LVTTL*,4,12,SLOW,NONE**,,,LOCATED,,NO,NONE,
Y14,,,NC,,,,,,,,,,,,,
Y15,,,NC,,,,,,,,,,,,,
Y16,,,NC,,,,,,,,,,,,,
Y17,FPGA_INPUT2,IOB,IO_L05P_4/VRN_4,INPUT,LVTTL*,4,,,,NONE,,LOCATED,,NO,NONE,
Y18,,DIFFM,IO_L03P_4/D3/ALT_VRN_4,UNUSED,,4,,,,,,,,,,
Y19,,,CCLK,,,,,,,,,,,,,
Y20,,,GND,,,,,,,,,,,,,
Y21,FPGA_INPUT1,IOB,IO_L02P_3/VRN_3,INPUT,LVTTL*,3,,,,NONE,,LOCATED,,NO,NONE,
Y22,I_TMB_RESERVED_IN0,IOB,IO_L02N_3/VRP_3,INPUT,LVTTL*,3,,,,NONE,,LOCATED,,NO,NONE,

# -----,-----,-----,-----,-----,-----,-----,-----,-----,-----,-----,-----,-----,-----,-----,-----,
# 
#* Default value.
#** This default Pullup/Pulldown value can be overridden in Bitgen. 
#****** Special VCCO requirements may apply. Please consult the device 
#       family datasheet for specific guideline on VCCO requirements. 
#
#
#